chr	pos	.	.	ID	sample1.AD	sample1.DP	sample2.AD	sample2.DP
1	42	.	.	ID1111	95,0	95	97,1	98
1	77	.	.	ID1111	106,10	116	85,11	96
1	80	.	.	ID1111	98,1	99	99,0	99
1	91	.	.	ID1111	107,7	114	101,2	103
1	132	.	.	ID1111	110,9	119	97,2	99
1	163	.	.	ID1111	114,0	114	99,1	100
1	219	.	.	ID1111	111,6	117	98,0	98
1	224	.	.	ID1111	100,1	101	96,2	98
1	225	.	.	ID1111	94,1	95	96,2	98
1	281	.	.	ID1111	99,1	100	95,2	97
1	334	.	.	ID1111	108,3	111	99,1	100
1	335	.	.	ID1111	90,1	91	95,1	96
1	342	.	.	ID1111	98,3	101	103,0	103
1	343	.	.	ID1111	98,6	104	96,0	96
1	372	.	.	ID1111	101,12	113	93,9	102
1	387	.	.	ID1111	107,3	110	100,2	102
1	421	.	.	ID1111	91,1	92	100,7	107
1	447	.	.	ID1111	104,11	115	100,3	103
1	475	.	.	ID1111	97,1	98	94,4	98
1	481	.	.	ID1111	110,5	115	103,1	104
1	490	.	.	ID1111	105,10	115	98,0	98
1	547	.	.	ID1111	114,0	114	97,1	98
1	580	.	.	ID1111	110,3	113	97,1	98
1	586	.	.	ID1111	111,6	117	89,12	101
1	591	.	.	ID1111	117,0	117	98,1	99
1	667	.	.	ID1111	97,1	98	101,1	102
1	686	.	.	ID1111	87,32	119	81,19	100
1	692	.	.	ID1111	96,18	114	84,12	96
1	697	.	.	ID1111	110,0	110	103,1	104
1	771	.	.	ID1111	100,1	101	98,1	99
1	837	.	.	ID1111	113,1	114	103,1	104
1	855	.	.	ID1111	113,1	114	87,6	93
1	875	.	.	ID1111	104,11	115	90,11	101
1	900	.	.	ID1111	113,1	114	108,0	108
1	902	.	.	ID1111	84,27	111	71,26	97
1	938	.	.	ID1111	110,6	116	97,1	98
1	939	.	.	ID1111	106,4	110	85,14	99
1	951	.	.	ID1111	111,3	114	86,11	97
2	15	.	.	ID1111	102,0	102	90,1	91
2	20	.	.	ID1111	96,1	97	102,0	102
2	37	.	.	ID1111	101,2	103	90,15	105
2	47	.	.	ID1111	96,1	97	106,0	106
2	51	.	.	ID1111	79,25	104	78,24	102
2	53	.	.	ID1111	97,1	98	99,0	99
2	64	.	.	ID1111	91,3	94	98,2	100
2	103	.	.	ID1111	82,14	96	82,16	98
2	104	.	.	ID1111	94,8	102	87,16	103
2	105	.	.	ID1111	93,1	94	94,9	103
2	124	.	.	ID1111	91,3	94	99,1	100
2	173	.	.	ID1111	79,18	97	76,26	102
2	188	.	.	ID1111	84,16	100	90,10	100
2	205	.	.	ID1111	98,2	100	102,0	102
2	226	.	.	ID1111	100,0	100	97,0	97
2	230	.	.	ID1111	97,3	100	94,10	104
2	241	.	.	ID1111	88,14	102	85,12	97
2	245	.	.	ID1111	94,2	96	99,3	102
2	247	.	.	ID1111	90,15	105	91,13	104
2	310	.	.	ID1111	85,15	100	93,9	102
2	312	.	.	ID1111	97,4	101	101,3	104
2	428	.	.	ID1111	86,10	96	100,0	100
2	438	.	.	ID1111	78,22	100	79,21	100
2	456	.	.	ID1111	92,10	102	84,17	101
2	471	.	.	ID1111	92,8	100	90,11	101
2	474	.	.	ID1111	102,1	103	92,4	96
2	512	.	.	ID1111	154,3	157	135,11	146
2	518	.	.	ID1111	140,8	148	146,6	152
2	524	.	.	ID1111	130,16	146	132,17	149
2	543	.	.	ID1111	145,4	149	150,1	151
2	569	.	.	ID1111	139,8	147	140,7	147
2	589	.	.	ID1111	139,7	146	129,22	151
2	591	.	.	ID1111	145,0	145	146,1	147
2	592	.	.	ID1111	135,17	152	137,17	154
2	672	.	.	ID1111	145,8	153	139,10	149
2	711	.	.	ID1111	155,1	156	144,6	150
2	739	.	.	ID1111	141,12	153	128,18	146
2	771	.	.	ID1111	146,1	147	144,1	145
2	773	.	.	ID1111	142,5	147	147,1	148
2	791	.	.	ID1111	139,8	147	143,7	150
2	792	.	.	ID1111	149,1	150	144,3	147
2	808	.	.	ID1111	146,11	157	140,10	150
2	812	.	.	ID1111	149,2	151	146,1	147
2	852	.	.	ID1111	128,20	148	132,15	147
2	880	.	.	ID1111	151,0	151	135,18	153
2	902	.	.	ID1111	149,1	150	142,7	149
2	904	.	.	ID1111	148,3	151	140,6	146
2	907	.	.	ID1111	146,5	151	146,1	147
2	942	.	.	ID1111	156,1	157	147,4	151
3	133	.	.	ID1111	68,33	101	66,38	104
3	147	.	.	ID1111	88,10	98	97,5	102
3	171	.	.	ID1111	91,7	98	99,2	101
3	190	.	.	ID1111	94,8	102	90,12	102
3	204	.	.	ID1111	78,19	97	73,29	102
3	238	.	.	ID1111	67,27	94	79,24	103
3	269	.	.	ID1111	82,13	95	100,1	101
3	281	.	.	ID1111	94,7	101	83,12	95
3	287	.	.	ID1111	89,13	102	90,16	106
3	290	.	.	ID1111	101,0	101	101,1	102
3	297	.	.	ID1111	95,9	104	91,12	103
3	298	.	.	ID1111	103,0	103	87,11	98
3	321	.	.	ID1111	94,7	101	79,17	96
3	327	.	.	ID1111	100,7	107	80,17	97
3	335	.	.	ID1111	102,1	103	96,1	97
3	339	.	.	ID1111	90,13	103	98,1	99
3	369	.	.	ID1111	97,3	100	86,15	101
3	422	.	.	ID1111	78,16	94	87,11	98
3	426	.	.	ID1111	87,14	101	91,11	102
3	429	.	.	ID1111	84,13	97	93,7	100
3	433	.	.	ID1111	94,6	100	83,12	95
3	461	.	.	ID1111	91,12	103	83,10	93
3	487	.	.	ID1111	102,0	102	92,3	95
3	498	.	.	ID1111	81,14	95	91,14	105
3	518	.	.	ID1111	82,17	99	88,10	98
3	523	.	.	ID1111	97,1	98	99,2	101
3	542	.	.	ID1111	80,15	95	80,18	98
3	569	.	.	ID1111	88,11	99	87,9	96
3	596	.	.	ID1111	88,7	95	101,1	102
3	599	.	.	ID1111	94,3	97	89,8	97
3	600	.	.	ID1111	85,13	98	99,1	100
3	604	.	.	ID1111	89,12	101	80,18	98
3	607	.	.	ID1111	93,1	94	100,1	101
3	622	.	.	ID1111	93,10	103	85,13	98
3	627	.	.	ID1111	101,0	101	99,1	100
3	631	.	.	ID1111	102,1	103	102,1	103
3	636	.	.	ID1111	98,0	98	98,1	99
3	645	.	.	ID1111	101,0	101	102,0	102
3	686	.	.	ID1111	92,9	101	86,15	101
3	688	.	.	ID1111	88,9	97	93,11	104
3	710	.	.	ID1111	92,8	100	80,15	95
3	769	.	.	ID1111	99,1	100	103,0	103
3	772	.	.	ID1111	94,4	98	97,1	98
3	809	.	.	ID1111	82,18	100	84,12	96
3	827	.	.	ID1111	86,14	100	89,11	100
3	830	.	.	ID1111	88,15	103	86,15	101
3	837	.	.	ID1111	100,1	101	98,0	98
3	850	.	.	ID1111	84,12	96	102,0	102
3	851	.	.	ID1111	93,8	101	92,6	98
3	870	.	.	ID1111	92,7	99	82,14	96
3	888	.	.	ID1111	87,11	98	88,15	103
3	889	.	.	ID1111	88,12	100	84,14	98
3	897	.	.	ID1111	88,13	101	92,7	99
3	917	.	.	ID1111	91,10	101	101,0	101
4	1	.	.	ID1111	56,16	72	74,1	75
4	32	.	.	ID1111	71,5	76	55,17	72
4	40	.	.	ID1111	73,1	74	72,0	72
4	57	.	.	ID1111	76,1	77	76,0	76
4	58	.	.	ID1111	76,0	76	75,1	76
4	81	.	.	ID1111	72,1	73	71,2	73
4	94	.	.	ID1111	73,1	74	76,1	77
4	152	.	.	ID1111	70,3	73	71,1	72
4	169	.	.	ID1111	73,0	73	70,2	72
4	187	.	.	ID1111	73,3	76	72,0	72
4	195	.	.	ID1111	61,10	71	65,11	76
4	211	.	.	ID1111	72,0	72	73,1	74
4	237	.	.	ID1111	72,0	72	67,1	68
4	239	.	.	ID1111	60,19	79	57,16	73
4	242	.	.	ID1111	64,5	69	81,2	83
4	257	.	.	ID1111	71,2	73	74,0	74
4	283	.	.	ID1111	52,17	69	54,21	75
4	286	.	.	ID1111	68,3	71	73,1	74
4	291	.	.	ID1111	76,3	79	72,0	72
4	317	.	.	ID1111	65,9	74	72,3	75
4	326	.	.	ID1111	68,4	72	67,4	71
4	328	.	.	ID1111	68,3	71	74,1	75
4	334	.	.	ID1111	76,0	76	72,1	73
4	356	.	.	ID1111	68,7	75	68,2	70
4	364	.	.	ID1111	67,7	74	72,0	72
4	380	.	.	ID1111	72,7	79	68,3	71
4	395	.	.	ID1111	66,12	78	64,11	75
4	427	.	.	ID1111	65,7	72	67,2	69
4	437	.	.	ID1111	77,1	78	72,1	73
4	448	.	.	ID1111	75,1	76	76,1	77
4	488	.	.	ID1111	81,0	81	69,1	70
4	499	.	.	ID1111	74,1	75	76,0	76
4	555	.	.	ID1111	63,12	75	74,0	74
4	570	.	.	ID1111	65,12	77	60,12	72
4	577	.	.	ID1111	75,1	76	67,2	69
4	643	.	.	ID1111	71,2	73	74,1	75
4	664	.	.	ID1111	75,1	76	73,0	73
4	673	.	.	ID1111	61,10	71	76,2	78
4	685	.	.	ID1111	78,0	78	76,1	77
4	710	.	.	ID1111	73,0	73	68,1	69
4	714	.	.	ID1111	67,0	67	73,0	73
4	717	.	.	ID1111	72,1	73	75,1	76
4	718	.	.	ID1111	58,17	75	64,13	77
4	723	.	.	ID1111	77,4	81	74,1	75
4	757	.	.	ID1111	76,0	76	73,1	74
4	777	.	.	ID1111	74,1	75	73,1	74
4	783	.	.	ID1111	67,5	72	59,15	74
4	790	.	.	ID1111	72,4	76	59,14	73
4	838	.	.	ID1111	67,11	78	72,0	72
4	883	.	.	ID1111	72,1	73	75,2	77
4	887	.	.	ID1111	66,9	75	59,16	75
4	890	.	.	ID1111	74,0	74	73,5	78
4	909	.	.	ID1111	63,12	75	72,0	72
4	925	.	.	ID1111	72,0	72	74,1	75
4	949	.	.	ID1111	70,2	72	71,1	72
4	987	.	.	ID1111	71,6	77	75,1	76
4	996	.	.	ID1111	58,19	77	53,17	70
5	10	.	.	ID1111	88,11	99	89,10	99
5	14	.	.	ID1111	73,30	103	78,23	101
5	84	.	.	ID1111	105,0	105	99,0	99
5	109	.	.	ID1111	81,15	96	84,13	97
5	185	.	.	ID1111	78,20	98	64,30	94
5	190	.	.	ID1111	101,1	102	103,1	104
5	226	.	.	ID1111	87,10	97	102,1	103
5	257	.	.	ID1111	73,26	99	80,21	101
5	274	.	.	ID1111	99,0	99	100,0	100
5	276	.	.	ID1111	99,0	99	96,0	96
5	298	.	.	ID1111	97,1	98	103,1	104
5	306	.	.	ID1111	97,2	99	101,0	101
5	307	.	.	ID1111	99,1	100	85,12	97
5	381	.	.	ID1111	92,10	102	81,12	93
5	391	.	.	ID1111	87,9	96	90,13	103
5	401	.	.	ID1111	90,7	97	99,1	100
5	437	.	.	ID1111	92,7	99	100,1	101
5	438	.	.	ID1111	95,1	96	99,1	100
5	496	.	.	ID1111	83,16	99	75,22	97
5	506	.	.	ID1111	102,1	103	104,1	105
5	523	.	.	ID1111	92,5	97	100,0	100
5	525	.	.	ID1111	85,13	98	94,11	105
5	526	.	.	ID1111	84,13	97	86,9	95
5	561	.	.	ID1111	92,6	98	92,1	93
5	564	.	.	ID1111	82,12	94	100,0	100
5	583	.	.	ID1111	95,1	96	99,7	106
5	647	.	.	ID1111	76,21	97	76,24	100
5	662	.	.	ID1111	65,34	99	64,36	100
5	667	.	.	ID1111	93,8	101	95,1	96
5	673	.	.	ID1111	85,12	97	79,16	95
5	714	.	.	ID1111	97,1	98	99,1	100
5	724	.	.	ID1111	103,0	103	90,7	97
5	776	.	.	ID1111	98,1	99	95,3	98
5	833	.	.	ID1111	84,12	96	92,11	103
5	837	.	.	ID1111	98,2	100	101,1	102
5	838	.	.	ID1111	85,11	96	79,15	94
5	841	.	.	ID1111	82,21	103	76,21	97
5	876	.	.	ID1111	95,1	96	98,1	99
5	965	.	.	ID1111	91,4	95	89,10	99
