chr:pos	Clone 0	Clone 1	Clone 2
1:91	1	1	1
1:132	1	0	1
1:163	1	1	1
1:224	1	0	0
1:334	1	1	1
1:343	1	0	0
1:387	1	0	0
1:475	1	0	0
1:547	1	0	0
1:580	1	1	1
1:591	1	0	0
1:686	1	1	1
1:692	1	0	1
1:900	1	0	0
1:902	1	1	1
1:939	1	0	0
1:951	1	0	0
2:37	1	0	0
2:47	1	0	0
2:51	1	1	1
2:105	1	0	0
2:173	1	1	0
2:226	1	0	0
2:230	1	0	0
2:245	1	0	0
2:438	1	1	1
2:471	1	0	0
2:474	1	0	0
2:512	1	0	0
2:592	1	1	1
2:771	1	0	0
2:792	1	0	0
2:808	1	0	1
2:852	1	1	1
2:880	1	0	0
2:902	1	0	0
2:904	1	0	0
3:133	1	1	1
3:190	1	0	1
3:204	1	1	0
3:238	1	1	1
3:281	1	0	0
3:290	1	0	0
3:298	1	0	0
3:321	1	0	0
3:369	1	0	0
3:433	1	0	0
3:498	1	0	1
3:523	1	0	0
3:599	1	0	0
3:607	1	0	0
3:622	1	0	1
3:631	1	0	0
3:636	1	0	0
3:645	1	0	0
3:710	1	0	0
3:772	1	0	0
3:827	1	0	1
3:830	1	0	1
3:870	1	0	0
3:888	1	0	0
4:32	1	0	0
4:57	1	0	0
4:195	1	0	0
4:239	1	1	1
4:283	1	0	1
4:395	1	1	1
4:570	1	0	0
4:664	1	0	0
4:710	1	0	0
4:718	1	1	1
4:757	1	0	0
4:783	1	0	0
4:790	1	0	0
4:883	1	0	0
4:887	1	0	0
4:996	1	1	1
5:14	1	1	1
5:185	1	1	1
5:257	1	1	1
5:298	1	0	0
5:306	1	0	0
5:307	1	0	0
5:523	1	0	0
5:526	1	0	1
5:583	1	0	0
5:647	1	1	1
5:662	1	1	1
5:673	1	0	0
5:714	1	0	0
5:724	1	0	0
5:841	1	1	1
5:965	1	0	0
1:23	0	1	0
1:77	0	1	0
1:80	0	1	0
1:219	0	1	0
1:225	0	1	0
1:281	0	1	0
1:335	0	1	0
1:372	0	1	0
1:421	0	1	0
1:481	0	1	0
1:586	0	1	0
1:697	0	1	0
1:771	0	1	0
1:837	0	1	0
1:855	0	1	0
1:875	0	1	0
2:20	0	1	0
2:103	0	1	0
2:104	0	1	0
2:124	0	1	0
2:188	0	1	0
2:241	0	1	0
2:247	0	1	0
2:310	0	1	0
2:456	0	1	0
2:518	0	1	0
2:524	0	1	0
2:569	0	1	0
2:589	0	1	1
2:591	0	1	0
2:672	0	1	0
2:739	0	1	0
2:791	0	1	0
2:812	0	1	0
3:147	0	1	0
3:287	0	1	0
3:297	0	1	0
3:327	0	1	0
3:422	0	1	0
3:426	0	1	0
3:429	0	1	0
3:461	0	1	0
3:487	0	1	0
3:518	0	1	0
3:542	0	1	0
3:569	0	1	0
3:604	0	1	0
3:627	0	1	0
3:686	0	1	0
3:688	0	1	0
3:769	0	1	0
3:809	0	1	0
3:837	0	1	0
3:851	0	1	0
3:889	0	1	0
3:897	0	1	0
4:58	0	1	0
4:81	0	1	0
4:94	0	1	0
4:152	0	1	0
4:169	0	1	0
4:187	0	1	0
4:211	0	1	0
4:237	0	1	0
4:286	0	1	0
4:326	0	1	0
4:328	0	1	0
4:334	0	1	0
4:437	0	1	0
4:499	0	1	0
4:577	0	1	0
4:643	0	1	0
4:685	0	1	0
4:717	0	1	0
4:777	0	1	0
4:890	0	1	0
4:925	0	1	0
4:949	0	1	0
5:10	0	1	0
5:109	0	1	0
5:274	0	1	0
5:381	0	1	0
5:391	0	1	0
5:496	0	1	0
5:525	0	1	0
5:833	0	1	0
5:838	0	1	0
1:42	0	0	1
1:342	0	0	1
1:447	0	0	1
1:490	0	0	1
1:667	0	0	1
1:938	0	0	1
2:15	0	0	1
2:53	0	0	1
2:64	0	0	1
2:205	0	0	1
2:312	0	0	1
2:428	0	0	1
2:543	0	0	1
2:711	0	0	1
2:773	0	0	1
2:907	0	0	1
2:942	0	0	1
3:171	0	0	1
3:269	0	0	1
3:335	0	0	1
3:339	0	0	1
3:596	0	0	1
3:600	0	0	1
3:850	0	0	1
3:917	0	0	1
4:1	0	0	1
4:40	0	0	1
4:242	0	0	1
4:257	0	0	1
4:291	0	0	1
4:317	0	0	1
4:356	0	0	1
4:364	0	0	1
4:380	0	0	1
4:427	0	0	1
4:448	0	0	1
4:488	0	0	1
4:555	0	0	1
4:673	0	0	1
4:714	0	0	1
4:723	0	0	1
4:838	0	0	1
4:909	0	0	1
4:987	0	0	1
5:84	0	0	1
5:190	0	0	1
5:226	0	0	1
5:276	0	0	1
5:401	0	0	1
5:437	0	0	1
5:438	0	0	1
5:506	0	0	1
5:561	0	0	1
5:564	0	0	1
5:667	0	0	1
5:776	0	0	1
5:837	0	0	1
5:876	0	0	1
